Weight,Year,ABW,AFG,AGO,AIA,ALA,ALB,AND,ARE,ARG,ARM,ASM,ATA,ATF,ATG,AUS,AUT,AZE,BDI,BEL,BEN,BES,BFA,BGD,BGR,BHR,BHS,BIH,BLM,BLR,BLZ,BMU,BOL,BRA,BRB,BRN,BTN,BVT,BWA,CAF,CAN,CCK,CHE,CHL,CHN,Z02,Z03,Z08,CIV,CMR,COD,COG,COK,COL,COM,CPV,CRI,CUB,CUW,CXR,CYM,CYP,CZE,DEU,DJI,DMA,DNK,DOM,DZA,ECU,EGY,ERI,ESH,ESP,EST,ETH,FIN,FJI,FLK,FRA,FRO,FSM,GAB,GBR,GEO,GGY,GHA,GIB,GIN,GLP,GMB,GNB,GNQ,GRC,GRD,GRL,GTM,GUF,GUM,GUY,HMD,HND,HRV,HTI,HUN,IDN,IMN,IND,Z01,Z04,Z05,Z07,Z09,IOT,IRL,IRN,IRQ,ISL,ISR,ITA,JAM,JEY,JOR,JPN,KAZ,KEN,KGZ,KHM,KIR,KNA,KOR,KWT,LAO,LBN,LBR,LBY,LCA,LIE,LKA,LSO,LTU,LUX,LVA,MAF,MAR,MCO,MDA,MDG,MDV,MEX,MHL,MKD,MLI,MLT,MMR,MNE,MNG,MNP,MOZ,MRT,MSR,MTQ,MUS,MWI,MYS,MYT,NAM,NCL,NER,NFK,NGA,NIC,NIU,NLD,NOR,NPL,NRU,NZL,OMN,PAK,Z06,PAN,PCN,PER,PHL,PLW,PNG,POL,PRI,PRK,PRT,PRY,PSE,PYF,QAT,REU,ROU,RUS,RWA,SAU,SDN,SEN,SGP,SGS,SHN,SJM,SLB,SLE,SLV,SMR,SOM,SPM,SRB,SSD,STP,SUR,SVK,SVN,SWE,SWZ,SXM,SYC,SYR,TCA,TCD,TGO,THA,TJK,TKL,TKM,TLS,TON,TTO,TUN,TUR,TUV,TWN,TZA,UGA,UKR,UMI,URY,USA,UZB,VAT,VCT,VEN,VGB,VIR,VNM,VUT,WLF,WSM,XAD,XCA,XCL,XKO,XPI,XSP,YEM,ZAF,ZMB,ZNC,ZWE
pop,2000,89866.7421875,20639632,20526324,32193.765625,26816.931640625,3209816.5,21561.591796875,2910130.25,36907808,3054154.75,55860.9296875,0,0,76411.28125,21508806,8241875,8115110.5,6956672,10334277,6721191.5,15715.916015625,11635185,124030632,7913143.5,643674.8125,315157.25,3889224,5964.8896484375,9982123,264533.71875,65419.5390625,8419072,174419776,267059.03125,293591.875,1071159.625,0,1621526.875,3435765.5,37186504,550.833984375,7257658.5,14598880,1274146816,6656.484375,6247.94677734375,2884.99926757813,16458806,15496231,47785940,5389928,18414.169921875,38291392,529530.875,454511.625,3792188,11247186,129244.5703125,2093.5625,40304.27734375,557870,10255285,83677880,625032.875,71387.2890625,5353469.5,7925752,29931110,12401015,67769872,3173562,406960.3125,40213940,1403724.375,61859696,5577778,793343.5,3182.74487304688,59565740,45734.06640625,106351.5859375,1410444.625,58589988,4715550.5,60889.04296875,19470218,5876.208984375,7713342.5,384575.84375,1140801.875,1274559.625,938846.25,11061374,102349.6953125,63082.1875,11468532,170555.46875,153857.484375,745405.125,0,6446380.5,4525148,7709050,11087818,204827552,75039.6328125,1008801408,10232173,921.981750488281,2600.60815429688,989870,13630.55078125,0,3988476.75,75973232,24470354,282644.46875,6297730,56998768,2590880.5,85865.8828125,4707633,128118592,15767358,30517066,6025109,12796340,85428.28125,44855.6953125,47341672,1818950.375,5533043.5,3628136.5,3019178,5148044.5,155964.53125,22401.99609375,18939930,1647928.875,3491695.5,402245.6875,1775830.375,26004.708984375,28164974,6218.23193359375,3951172.75,15409941,265578.875,94897256,49892.3125,1972413.125,10466086,392729.1875,63831444,672342.125,2406879.5,68834.203125,17450824,2477964.75,4419.59130859375,379809.84375,1176269.125,11939956,22790720,151701.0625,1685325.5,221547.109375,10723774,2615.26928710938,117843168,5357932.5,1765.03234863281,16952336,4608605,23961430,10091.4765625,3764347.25,2265798.25,136853888,3928835.25,2881392,50.6880073547363,24903276,86120824,18700.587890625,5173858.5,38556476,3839693.75,23321544,10362038,5070750.5,3283120,237659.84375,431933.625,711904.125,21753072,151935072,8169131,19445292,25101510,9418108,2563129.75,0,5688.8349609375,4249.6669921875,421750.6875,4583969.5,5389717,6403.07421875,6600966,6338.74609375,7707572,6065436.5,133478.09375,526321,5347746.5,2029970.25,9540503,998242.875,17822.3046875,78143.109375,16172108,21192.45703125,7925813.5,4400097,61295952,6168603.5,1524.64892578125,6195052.5,867400.5,102300.140625,1254355.625,9791551,72355408,9400.587890625,22468554,41810144,27041576,50243312,0,3153093.5,302305184,22997606,1044.08435058594,107056.1875,23233494,20967.607421875,109844.640625,79583640,189745.421875,15826.1494140625,174712.15625,38899.3046875,8917266,0,1373163.25,413.588592529297,0,17383438,44276492,9757714,315901.6875,11334389
lights,2000,1016.64074707031,34704.3984375,65066.34375,912.82666015625,2733.15112304688,55071.265625,4283.46875,568329.6875,1995151.375,35984.25390625,395.21826171875,65.2762985229492,3061.59497070313,2414.48193359375,1389186.625,741133.6875,122124.6796875,4638.79150390625,958770.5625,16536.37890625,601.130310058594,24460.666015625,368963.5,460591.3125,17563.380859375,10666.1171875,203770.453125,58.7406883239746,512368.25,14764.376953125,430.235931396484,181472.09375,6683170,6023.1298828125,30784.60546875,6395.7880859375,8.57312107086182,47694.02734375,4637.08251953125,8989654,0.557266712188721,550717.0625,504998.40625,11695523,62.4784469604492,0,0,164887.109375,46803.72265625,61868.78515625,22544.853515625,47.0286331176758,1231350.75,826.728515625,3869.64038085938,197353.265625,200991.375,4514.73388671875,91.5339431762695,1432.9375,51778.19140625,1049626.25,5050167,1733.61828613281,1940.58740234375,420101.03125,172748.96875,1230314.375,474854.34375,1779485.25,7660.61865234375,7917.52294921875,3577915,120305.9765625,46273.2109375,1171973.375,9178.216796875,1159.9228515625,5679424,1348.55798339844,541.995300292969,78933.0859375,3549773.75,32949.44140625,469.809967041016,136511.671875,163.642532348633,13130.083984375,17687.80078125,2748.076171875,762.141357421875,6923.7529296875,719049.1875,1117.90563964844,1336.83178710938,229049.234375,11568.4423828125,7063.4072265625,12503.4814453125,58.9659309387207,135434.015625,353014.75,8472.4755859375,684890.4375,1761211.5,3379.79150390625,11602530,61028.92578125,0,0,3016.82641601563,0,130.461013793945,460794.375,3829126,850969.875,54732.921875,380074.9375,4541312.5,99728.921875,1290.78881835938,203490.3125,5094147.5,947220.125,86913.9609375,121893.359375,20716.619140625,39.2276954650879,702.149780273438,1700809.375,249918.203125,20520.583984375,188719.3125,2623.47192382813,696320.3125,2294.068359375,2101.919921875,259999.75,10493.4384765625,180558.84375,50212.359375,107634.609375,801.00927734375,382703.28125,34.915699005127,76993.6953125,18134.146484375,72.6054763793945,4778330.5,35.1852569580078,115437.0546875,24066.37890625,4674.9892578125,139238.390625,28630.333984375,46909.28125,1273.1259765625,35101.9921875,12938.466796875,40.1826591491699,13556.1298828125,21269.5859375,32829.9609375,797186.0625,951.421936035156,52172.734375,8063.39794921875,22959.203125,15.3738279342651,1147328.125,83357.4765625,49.3261489868164,1009492.8125,730352.9375,56232.1875,22.3229522705078,244994.703125,431123.6875,2433083.5,38648.9609375,88457.2890625,0,401065.5,380831.25,333.306762695313,48903.78515625,2585455.25,264424.78125,43138.67578125,750349.5625,177204,137184.796875,4030.79443359375,145361.359375,20114.90234375,1039474,15432601,6273.75390625,2544106,166435.578125,27241.5703125,33079.515625,3183.06958007813,136.152816772461,0,1125.43481445313,1344.03955078125,121399.390625,1242.82043457031,5690.53466796875,142.933776855469,392107.625,2007.48010253906,855.121276855469,22246.75390625,519652.96875,190662.28125,1622264,31456.0859375,557.380615234375,505.41796875,762975.875,562.5439453125,6450.67626953125,9450.904296875,1440888.75,105386.4609375,0,299001.5,3245.537109375,599.058044433594,58765.09375,364740.28125,2035560.5,0.739358067512512,530552.1875,64125.78125,27600.681640625,2186224.75,8.41754150390625,143703.75,52458016,758363.25,26.8431529998779,783.527526855469,1570430.25,582.5654296875,2444.60278320313,534085.5625,1276.3525390625,65.3527984619141,2451.52587890625,2555.42114257813,103876.828125,0,53005.3203125,0.984295129776001,0,238881.1875,1730322.125,84366.34375,23690.373046875,139538.671875
cropland,2000,6.49902200698853,78219.9609375,32718.689453125,2.60494542121887,106.976219177246,6882.14794921875,40.8330497741699,2229.0029296875,286951.125,5161.00732421875,14.1747789382935,0,0,21.0232486724854,472496.75,14800.4208984375,20565.951171875,12922.6064453125,8895.2177734375,27173.7421875,9.92460346221924,38861.875,86627.890625,38561.5234375,18.7040691375732,59.7994766235352,10688.6337890625,0,62923.55078125,1009.52447509766,0,33575.61328125,656188.375,81.1301651000977,227.035903930664,1562.53173828125,0,3659.52880859375,19365.185546875,531958.1875,0,4453.7021484375,21182.85546875,1279583,0.268882215023041,2.64275574684143,0.606759011745453,65382.41015625,70484.6875,77609.859375,5722.8603515625,0,45409.1484375,664.959716796875,330.45849609375,4826.98974609375,39309.68359375,25.4022750854492,0,0,600.515380859375,33416,119932.9296875,9.34247493743896,125.982772827148,21581.3359375,12521.2138671875,80241.8203125,29402.400390625,32786.0703125,5369.6171875,0.00541836395859718,178644.15625,8532.19921875,107784.296875,23291,2245.5263671875,0,193337.375,24.0136299133301,0,4990.70751953125,57254.8046875,10564.55859375,0,62172.91015625,1.6005265712738,27008.423828125,166.932479858398,3037.0341796875,5723.5595703125,2174.04614257813,36090.34375,70.3576126098633,0,19425.546875,144.521484375,0,4250.61865234375,0,14193.431640625,9698.6875,11096.900390625,48434.328125,326789.65625,1.44948697090149,1669141.5,12124.5498046875,0.512883305549622,0.904979348182678,2087.35791015625,4.93205785751343,0,10202.6357421875,161958.453125,43843.29296875,1214.13464355469,4479.51611328125,110324.3359375,2165.78930664063,2.38143014907837,3077.16162109375,41920.55078125,307859.25,54531.96875,15188.900390625,37656.36328125,0,24.2642402648926,17989.326171875,100.897933959961,11487.279296875,2666.7978515625,6986.6865234375,20311.751953125,68.0099258422852,23.7880668640137,18150.341796875,3359.85693359375,28838.017578125,587.5908203125,10272.146484375,2.29475927352905,95251.984375,0.00141802104189992,21842.259765625,33646.90234375,0,252498.71875,0,5948.4521484375,46633.890625,46.7841720581055,104867.265625,1917.66455078125,12143.9560546875,0,42530.2421875,4744.791015625,2.39805173873901,141.752365112305,186.330017089844,28572.84765625,63765.73046875,0,8509.91015625,94.9951477050781,137475.578125,0,413062.625,22253.35546875,0,9501.142578125,8970.6162109375,24859.01171875,0,14727.8115234375,734.230895996094,310472.90625,7834.93408203125,6702.0771484375,0,53339.61328125,88795.3515625,0,7692.0576171875,143765.453125,947.959045410156,22735.904296875,23227.240234375,31679.978515625,440.496368408203,0,151.155654907227,266.672302246094,99418.1484375,1282063.125,11798.1416015625,37345.640625,143624.765625,33329.4609375,88.5157775878906,0,0,0,446.360687255859,6446.6123046875,8741.4560546875,32.1931495666504,10602.33984375,13.4697608947754,33321.625,19842.470703125,311.140228271484,720.03466796875,15438.7109375,1994.89392089844,28133.806640625,1932.03210449219,1.59781742095947,0,52442.40234375,11.5491237640381,37634.32421875,25180.865234375,188381.53125,9307.59375,0,20827.703125,1821.43957519531,136.889389038086,558.56103515625,48505.12109375,262689.6875,0,4572.35791015625,101183.46875,76636.3515625,338751.375,0,14280.43359375,1796362.5,46165.28515625,0.251711219549179,34.5533714294434,33699.578125,0,6.7789421081543,80455.7265625,908.003356933594,0,386.021667480469,40.9127540588379,1964.17443847656,0,2359.47973632813,0,0,16534.1484375,141173.234375,28781.646484375,540.779174804688,37075.6328125
pop,2005,94856.421875,22602942,20016930,34025.48828125,27922.521484375,3027064.5,24541.63671875,3804993,38984668,2988547,54654.65234375,0,0,80157.625,21510350,8413565,8554155,7849378.5,10650252,7913876.5,18868.142578125,13591258,133208624,7627720.5,884573.5,338796.59375,3721119.25,6798.86328125,9695445,300324.59375,66570.8046875,9141767,184682592,271251.03125,319259.09375,1151289.875,0,1773293.75,3806234.5,39150464,550.531860351563,7576675,15634007,1315811328,7233.87744140625,6782.21875,3084.05004882813,18581122,17998028,58601444,4685706,18227.126953125,42864768,602202.25,469651.40625,3999537,11231640,137967.359375,2095.52856445313,47049.8203125,613553.625,10329135,82415248,723235.3125,71051.34375,5469756.5,8640508,32343856,13674121,74010064,3408421.25,433323.59375,42996672,1313174.125,70509776,5678130.5,822145.25,2999.45361328125,61501060,47147.59765625,103665.109375,1690714.75,60716444,4428070,61977.96484375,22196632,6221.525390625,8537558,391935.5625,1326357.75,1430899.125,1006699.5,10991391,102536.25,63083.5625,12817381,202661,155920.5,744608.9375,0,7105522.5,4430536.5,8713413,10596946,220627664,78964.0234375,1092949504,11362003,945.412902832031,2662.54516601563,1108083.25,14399.365234375,0,4242204,74226832,28293942,299577.25,6956343,58146624,2635050.5,90930.625,5230261,128329768,16224509,35265796,6266366.5,13725876,92984.5,48359.375,48052164,2148527.25,5970791,4588326.5,3353585.75,5541558.5,160001.34375,23179.095703125,19486092,1646199.25,3282683.75,429937.5,1943683.125,27448.255859375,29780970,6301.662109375,3848490.5,17516646,290535.9375,102492400,50827.59375,1988282.125,12522014,401173.375,57062004,660884.5,2517807.5,60726.30078125,20035608,2798069.25,4626.80859375,387290.75,1201487,13682612,25347576,173981.453125,1798017.875,232281.25,13003786,2460.361328125,137303056,5816639.5,1588.01965332031,17318674,4814007.5,24289366,9905.1689453125,3897361.25,2567796,154494176,4312830.5,3151464,58.4165992736816,26987238,90861272,19431.642578125,5932157.5,38675824,3794951.5,23381596,10385850,5479452.5,3728871,251844.90625,855351.75,765143.9375,20948860,150224736,9219228,22630830,28480554,10857376,2747813.25,0,5189.4365234375,4733.43896484375,472866.125,5033929.5,5625396,6711.6337890625,7532648.5,6219.72607421875,7543313.5,7242659.5,150283.53125,544864,5339775,2078144,9901013,1028244.8125,18799.333984375,83339.9375,18289536,25534.2578125,9429992,5022792,63588824,6834483.5,1467.44848632813,7053117,973981,102910.375,1282291,10268441,72868928,9876.1494140625,22872310,47447144,31518038,48849536,0,3171764,315445984,24953320,1060.06518554688,107447.125,25154618,22931.185546875,109197.859375,83452040,212274.375,14226.27734375,179779.3125,42885.21484375,9400164,0,1501410.125,427.162628173828,0,19943324,47458424,11310988,343815.84375,12022318
lights,2005,1014.31018066406,95026.390625,83437.578125,903.690002441406,3521.73852539063,84827.609375,4413.357421875,656936.5625,2062608.125,58910.5625,380.382507324219,54.9730224609375,2416.10668945313,2460.73657226563,1375472.75,800707.625,200874.5,3710.890625,881713.75,19675.259765625,495.759796142578,29844.724609375,375529.90625,491860.40625,18049.423828125,11564.98046875,252044.53125,55.2511405944824,429365.625,22136.140625,424.578704833984,189897.421875,6932477.5,6259.564453125,30006.201171875,7990.67626953125,0,64288.09765625,3788.77978515625,7308839.5,0.668720066547394,655604.9375,545078,16938702,28.3664417266846,0,0,178504.53125,48387.078125,72642.4921875,56120.1015625,40.4049873352051,1169025.875,769.526916503906,4701.203125,194134.625,230945.8125,4114.57666015625,80.5599746704102,1352.07824707031,57542.234375,1060423.5,4948514,2377.37768554688,1912.33447265625,352900,162007.390625,1372249,563848.25,2213622.25,11258.294921875,12030.30859375,4024181.25,147011.640625,68879.0546875,1458111.125,12838.0732421875,694.130249023438,5969002,4063.63940429688,416.432861328125,83464.6953125,3382944,69335.4296875,449.686431884766,138040.65625,186.184188842773,11914.47265625,18691.623046875,3502.19482421875,836.064025878906,4849.4130859375,841034.25,1506.60986328125,2480.41870117188,251076.515625,12981.462890625,6210.623046875,11796.2412109375,181.934066772461,168440.015625,495182.125,10060.404296875,772065.5,1856264.625,3393.22534179688,11885537,87337.9453125,0,0,4032.14721679688,0,137.828460693359,539891.8125,5227466.5,1172082.75,79873.703125,396986.53125,5037407,99168.46875,1229.69250488281,253092.921875,5152747,1224625.5,87823.125,159861.875,27262.953125,40.9124603271484,699.399719238281,1842487.125,333457.15625,26095.642578125,199809.921875,4480.70556640625,909333.6875,2848.62231445313,2830.00439453125,306085.28125,12119.5966796875,194277.734375,53290.23828125,123208.0546875,791.72998046875,553687.625,34.494686126709,92938.5859375,15092.8251953125,95.4320831298828,4898046.5,27.9845504760742,115855.328125,34358.21484375,4792.30517578125,104723.7109375,36864.4453125,40946.06640625,1259.73010253906,49928.18359375,15125.669921875,36.0757560729981,15693.1767578125,23389.71484375,36915.7109375,991843.0625,1254.31567382813,53691.9453125,10556.6650390625,23115.453125,12.9229288101196,1143188.875,81949.5625,28.0482025146484,902972,991947.5625,56772.2109375,9.15560913085938,250922.703125,589831.5625,2778123.5,50229.8359375,102937.9375,0,431114.6875,437166.84375,294.101287841797,51764.9296875,2989773,254192.90625,48020.81640625,1028803.8125,160485.265625,149537.78125,4291.83154296875,145694.6875,21779.41015625,1034092.9375,14555079,5538.9794921875,3073940.5,237642.96875,39616.66796875,33797.49609375,2657.25708007813,103.594375610352,0,617.824340820313,2614.90454101563,130241.1640625,1326.24609375,7877.521484375,149.100204467773,583799,6297.462890625,880.449584960938,26643.2734375,459908.15625,202823.421875,1632636.875,40795.76953125,550.591613769531,500.147735595703,819703.75,845.605407714844,13557.283203125,12265.6904296875,1619783.875,148521.921875,0,422058.875,2420.63134765625,644.182006835938,70538.890625,423458.6875,1917364.5,0.904712200164795,552043.8125,63521.0546875,25848.662109375,1993187.125,2.31199312210083,115277.2734375,45400784,908975.0625,26.7114200592041,924.290161132813,1669905.125,619.533569335938,2471.39990234375,740697.8125,1389.62438964844,48.1010818481445,1816.25280761719,2896.62377929688,159889.625,0,74757.0703125,1.13193941116333,0,345063.125,1946455.375,84967.828125,27809.60546875,129942.7578125
cropland,2005,6.49902200698853,79723.3515625,35539.203125,2.56980848312378,109.707176208496,6498.99462890625,39.5139122009277,2327.60791015625,339506.46875,5226.1279296875,14.711612701416,0,0,21.0343761444092,493796.59375,14573.30078125,20651.783203125,13190.4287109375,8572.5576171875,30017.908203125,9.07330799102783,50676.875,85835.484375,34512.796875,16.8785495758057,59.7451896667481,10898.451171875,0,57129.76953125,1047.6025390625,0,40539.82421875,769185.125,70.3310317993164,238.519836425781,2057.51513671875,0,2669.57836914063,19343.50390625,531643.3125,0,4422.5166015625,18941.37109375,1264390.25,0.263161569833756,2.61926221847534,0.59001362323761,69482.78125,71185.8046875,77317.5078125,5788.94189453125,0,36159.24609375,665.331176757813,360.128875732422,4839.34814453125,39729.703125,25.3296051025391,0,0,699.510681152344,32984.05859375,120643.1640625,9.32274055480957,132.30712890625,22051.0859375,11606.376953125,81874.265625,24784.884765625,35093.69140625,5974.41064453125,0.107131481170654,162179.75,6044.3759765625,137266.140625,23787.0625,2247.0224609375,0,193244.75,23.9734916687012,0,4985.3408203125,55813.2265625,6084.4013671875,0,68941.0078125,1.43526446819305,33151.00390625,153.667129516602,3267.13696289063,5551.5537109375,2092.60888671875,35277.640625,39.4333648681641,0,22033.52734375,144.629974365234,0,3988.44921875,0,14472.6376953125,10024.5341796875,10904.5888671875,48257.5234375,370718.1875,1.226282954216,1688110.625,12234.0126953125,0.520467638969421,0.911548137664795,2129.1083984375,4.94571352005005,0,11209.5537109375,180025.265625,54613.92578125,1215.30126953125,4166.44775390625,101063.2578125,2062.4521484375,2.33804416656494,3015.13842773438,40735.3828125,292158.40625,57982.37890625,14506.6025390625,37942.86328125,0,12.9322814941406,17134.744140625,118.998947143555,13695.4765625,2779.87622070313,7314.3154296875,19706.166015625,52.3174591064453,23.4324226379395,19672.8046875,3282.326171875,19630.857421875,579.917053222656,11065.58984375,2.26380658149719,88733.0078125,0.00141998915933073,21663.541015625,34610.86328125,0,257701.015625,0,4913.01708984375,58070.390625,48.6657295227051,109365.5078125,1967.95239257813,7996.45263671875,0,53418.81640625,3968.41772460938,2.39787292480469,121.535682678223,178.344879150391,33005.55078125,64968.79296875,0,8555.6767578125,91.7574615478516,139456.515625,0,427061.5,23672.998046875,0,10731.0224609375,8800.2470703125,24446.830078125,0,4638.0908203125,669.459289550781,303432.71875,7670.765625,6822.0751953125,0,50328.83203125,89927.5703125,0,7817.71240234375,125610.2890625,962.58154296875,23200.640625,19915.322265625,36294.68359375,401.7021484375,0,134.39599609375,247.164520263672,95263.9296875,1242073.75,13537.6591796875,36674.0234375,166204.3125,31587.146484375,89.0534286499024,0,0,0,524.138549804688,16320.3642578125,9048.7060546875,29.5016307830811,13678.236328125,13.4964561462402,34003.85546875,22547.37890625,311.2490234375,605.019897460938,13936.4931640625,1990.77282714844,28103.572265625,1935.50854492188,1.57626521587372,0,54458.39453125,11.5190420150757,46444.55078125,22134.501953125,186388.28125,9193.6572265625,0,21829.548828125,2262.5166015625,136.83610534668,437.549163818359,47617.9375,265027.25,0,4571.5703125,114814.2265625,84417.46875,337621.375,0,14540.00390625,1693026.5,45345.94921875,0.228659868240356,34.5665664672852,33262.1796875,0,6.76824045181274,92696.8359375,963.991394042969,0,327.132873535156,50.9041290283203,2098.89233398438,0,2379.39477539063,0,0,15114.734375,134760.609375,28125.08984375,656.710144042969,40069.36328125
pop,2010,100811.8125,24928496,21424106,36155.66796875,29108.4921875,2921243.75,28267.109375,4999710.5,41270188,2931639.5,54143.796875,0,0,84772.6796875,21511904,8598978,9050316,8950445,10982540,9393443,22709.734375,16007513,143435328,7390130,1218071.875,364859.09375,3568320.5,7749.4404296875,9461502,341405.96875,67834.890625,9995292,196175408,276029.9375,347462.21875,1238078.75,0,1942552.875,4219734,41308636,550.22998046875,7922903,16936180,1363338880,7861.36376953125,7363.83056640625,3297.07055664063,21051196,21018048,72847544,4525568.5,18220.81640625,48344032,685033.875,488683.5,4237591.5,11227822,148560.375,2097.49584960938,55115.796875,679700.0625,10443546,81246000,840743,70854.90625,5617800.5,9562593,35333088,15091484,81149824,3669040.75,465798.84375,46041096,1290404.375,80412040,5795148.5,853969.4375,2864.54125976563,63670500,48943.65234375,102213.484375,2044284.625,62964712,4183956,63086.37109375,25498120,6587.38818359375,9548755,400988.46875,1560486.875,1610697.5,1080242.625,10927288,102818.984375,63392.1875,14372153,243684.9375,158378,745392.1875,0,7849104.5,4347653,10100234,10180456,238886736,83299.6875,1185906048,12630522,970.247009277344,2725.98193359375,1249407.25,15212.142578125,0,4571031.5,75052832,32822684,319092.25,7699261.5,59424020,2680439.75,96354.96875,5812273.5,128617248,16881862,40968040,6524164,15045816,103542.9140625,52314.328125,49232852,2540349.25,6486771.5,5877458.5,3736575.5,5965273.5,164507.4375,23991.556640625,20136036,1646237.5,3096313.25,460755.78125,2132639,29141.037109375,31567500,6394.66162109375,3758348.25,20185154,330904.96875,111533544,51997.703125,2006497,15158513,411294.40625,53355388,653164.6875,2678964.5,53586.3359375,23214858,3206463.25,4843.7373046875,396085.40625,1228444.125,15743781,28300990,200451.5,1933170.25,248081.421875,15840595,2314.62915039063,160123424,6346156,1468.16442871094,17711816,5037540.5,26420238,9869.201171875,4040607.75,2938280.75,174474224,4736467,3451225,67.3236312866211,29509988,97462640,20919.2421875,6836356,38871592,3755458.75,23457672,10430785,5942029,4237097.5,268281.40625,1697129.5,823386.75,20339056,148753072,10542718,26356310,32439140,12519433,2978778.75,0,4742.1083984375,5272.2822265625,531803.5,5545546,5918916.5,7054.779296875,8603677,6104.9560546875,7402764.5,8959453,169271.75,575349.0625,5342987,2131885.5,10292419,1060177,19946.8515625,89184.4921875,20701880,31507.494140625,11259683,5793306,66716524,7584213,1412.39416503906,8043715,1105062.75,103970.453125,1313193.5,10811381,74703480,10490.765625,23323784,54084616,36975288,47548472,0,3203740.5,330266112,27089238,1076.52453613281,107971.8046875,27328130,25135.638671875,108819.8515625,88219760,238149.328125,12806.701171875,185504.171875,47622.75,9963854,0,1647204.25,441.182220458984,0,22880900,51106440,13289229,374771.03125,12765013
lights,2010,787.306884765625,113550.640625,174473.203125,968.609436035156,5791.30126953125,78725.21875,4033.99829101563,743207.6875,2466979.75,67477.9453125,357.532104492188,65.1523666381836,868.95703125,3021.84204101563,1494212,893827.6875,218951.375,6759.88818359375,1050569.125,30292.123046875,539.894104003906,40319.2421875,337266.40625,477373.5625,20217.822265625,11461.73046875,214367.609375,50.4123039245606,913447.5625,23255.4921875,371.147552490234,243809.84375,8543212,6127.25732421875,35922.59765625,11735.0693359375,4.37229156494141,69738.25,4379.24169921875,7553066.5,1.32350838184357,684188.125,644294.9375,20841138,0,3.40110611915588,0,208377.875,58433.39453125,91368.5390625,79340.8828125,38.3835182189941,1280545.875,922.648681640625,5227.41748046875,227509.125,275479.96875,4045.1103515625,116.518951416016,1531.57568359375,65706.0078125,1338370.875,6550445,3520.87768554688,2095.58251953125,606182.0625,167976.96875,1691449.375,609331.1875,2493846.25,11098.7421875,14600.9140625,4148402.5,261555.109375,85535.75,1902574,14876.693359375,991.314392089844,6489643.5,7736.38916015625,508.386199951172,79039.0390625,3651853.5,97799.859375,384.493286132813,176145.140625,170.587020874023,13918.5517578125,18604.24609375,6608.5859375,1145.82470703125,13092.4013671875,799143.3125,1721.80480957031,2122.25415039063,263415.3125,14959.23828125,5888.56396484375,12246.2802734375,108.759796142578,181411.40625,495353.4375,23923.13671875,648838.5625,1998926.375,3039.47119140625,13682100,105566.6484375,0,0,7192.25390625,0,82.8974151611328,600884,5253628,1286707.75,73339.578125,424594.4375,5173982,84867.34375,1153.38635253906,330932.65625,4758029,1324663,103026.3359375,170876.4375,93578.65625,64.1548919677734,836.519104003906,1958636.625,266846.84375,69554.7109375,173922.3125,6569.09375,998423.5625,2887.8427734375,2667.14868164063,299105.78125,14921.2890625,394137.71875,69204.046875,239269.15625,849.399841308594,601179.6875,29.9660606384277,103426.859375,20620.140625,131.811813354492,5029659,22.2995166778564,91891.6328125,47071.82421875,4916.423828125,328422.96875,37207.6953125,71023.7265625,870.112243652344,83989.859375,17049.888671875,28.7780418395996,16589.267578125,22800.14453125,48131.94140625,1159766.875,1930.65515136719,60287.62890625,11636.76953125,30532.39453125,9.7590389251709,1127804.625,90164.2421875,29.181474685669,1081700.625,1493165.875,51359.69140625,17.2775211334229,247284.03125,695586.4375,2280314.25,44551.93359375,108622.5390625,0,525989.5,505153.8125,222.107955932617,33402.671875,4940029,243098.84375,54506.87890625,1070915.125,228342.75,165410.484375,4675.9248046875,204276.59375,24522.29296875,1084404.125,16231669,10925.1787109375,3953325.75,309781.4375,46173.11328125,35439.33984375,236.055847167969,100.940811157227,0,1034.52783203125,3425.52270507813,122127.84375,1295.00793457031,8408.4443359375,107.796760559082,579054.8125,18671.787109375,998.745788574219,34817.40234375,435654.40625,224866.9375,2557092.5,37267.30859375,590.904357910156,566.789672851563,855257.125,953.560180664063,19382.0546875,13683.3662109375,2320814,82700.6875,0,417366.65625,4722.11181640625,559.873840332031,107289.359375,460285.59375,2516836.5,1.02215623855591,578290.4375,83446.625,38375.8984375,2158561,2.50008249282837,151584.234375,46797508,810856,27.2960567474365,788.716674804688,1590864.75,586.145385742188,2316.13208007813,1057738,2733.6376953125,52.8381042480469,1848.66357421875,3181.63671875,187344.484375,0,62659.9921875,1.5467494726181,0.0214839316904545,461185.84375,1927900.25,113719.71875,32417.1484375,99671.1953125
cropland,2010,6.49902200698853,79650.390625,43339.80078125,2.52923631668091,110.912368774414,6839.072265625,40.7227401733398,847.594177246094,390382.96875,5196.6337890625,14.3707780838013,0,0,21.0450553894043,426579.84375,14402.7685546875,21016.25390625,13384.35546875,8482.380859375,29502.884765625,9.29329586029053,61667.89453125,85174.1328125,34394.23046875,16.467113494873,70.5460357666016,10826.58984375,0,57077.30859375,1087.99841308594,0,45642.96484375,779826.375,65.0010833740234,269.41552734375,1477.240234375,0,2833.83764648438,18112.4609375,493704.34375,0,4406.21484375,17380.212890625,1235291,0.258791476488113,2.60358190536499,0.580757558345795,73509.9921875,75647.4765625,78681.6875,6068.7236328125,0,33595.49609375,666.289001464844,382.407775878906,5285.53955078125,36891.18359375,25.2805004119873,0,0,480.984985351563,32547.791015625,120018.875,14.7819986343384,153.611724853516,22864.333984375,11464.5166015625,82375.015625,25450.46875,36562.23046875,6657.357421875,0.0050843320786953,168246.234375,6530.98876953125,158314.375,23974.609375,2221.8505859375,0,191519.796875,23.9349880218506,0,4976.4326171875,58104.0234375,5691.3525390625,0,74403.078125,1.4749048948288,34913.984375,163.065704345703,4324.06201171875,5841.04052734375,1854.9521484375,34598.48046875,44.7555732727051,0,21334.19921875,137.175888061523,0,3993.990234375,0,14602.23046875,10402.24609375,12722.154296875,46120.0078125,404778.78125,0.936564981937408,1683460.875,12184.6064453125,0.522091329097748,0.911847352981567,2123.30908203125,4.93746566772461,0,9582.6005859375,169599.578125,43101.4765625,1159.89575195313,4091.71166992188,94209.6328125,1864.07165527344,2.45165824890137,2929.82275390625,39887.9609375,293034.90625,61361,14449.48046875,39002.796875,0,14.8711862564087,16143.484375,128.853118896484,16546.166015625,2436.57788085938,7827.9638671875,19390.505859375,53.0061874389649,21.7251396179199,20720.35546875,3258.21020507813,21649.9140625,590.122802734375,11827.16015625,2.22806549072266,88730.84375,0.00140954984817654,21468.76953125,39421.01953125,0,260152.515625,0,4564.85107421875,64721.8671875,54.075740814209,121864.2421875,1968.10974121094,7183.2529296875,0,60571.39453125,4462.4873046875,2.39769387245178,118.873138427734,170.410446166992,38058.21875,68090.1171875,0,8600.5595703125,91.7955551147461,149048.578125,0,400772.5625,18967.31640625,0,9994.5322265625,8427.8212890625,23718.72265625,0,5419.7861328125,655.717041015625,296394.46875,7525.4521484375,7296.9072265625,0,54071.1015625,96751.640625,0,9307.7119140625,112806.015625,996.827697753906,23909.64453125,18143.962890625,42903.43359375,387.990600585938,0,146.32307434082,248.521026611328,96296.8671875,1201939,14001.2490234375,33637.2421875,176551.265625,38483.85546875,91.2058639526367,0,0,0,641.147216796875,17506.177734375,8760.3994140625,27.5690822601318,11221.8193359375,13.5231866836548,33624.88671875,23563.49609375,308.103668212891,659.519104003906,13900.66796875,2243.30029296875,27387.837890625,1911.02746582031,1.55137920379639,0,55380.88671875,11.4890794754028,46637.09375,25868.4296875,200884.453125,9245.0224609375,0,20845.990234375,2175.6005859375,146.603240966797,437.561065673828,50412.97265625,243275.234375,0,4571.40087890625,135691.671875,92747.640625,337630.25,0,20817.357421875,1599311.25,44672.92578125,0.212692454457283,34.5802993774414,33696.85546875,0,4.50496625900269,99546.8203125,992.319458007812,0,259.118621826172,32.4119644165039,2013.22790527344,0,2335.18530273438,0,0,15629.125,128948.5703125,34796.3515625,431.959197998047,41187.0390625
pop,2015,107897.546875,27662314,26014414,38615.53125,30380.888671875,2888182,32997.03125,6600175.5,43795388,2882441.75,54256.07421875,0,0,90398.2109375,21513470,8798763,9615762,10313724,11332159,11239870,27395.271484375,19025992,154872464,7352690,1680673.25,393731.25,3430736.75,8832.92578125,9283004,388597.3125,69217.9609375,11009626,209102752,281448.625,378456.53125,1332126.375,0,2131524.5,4683058.5,43681768,549.928161621094,8299221.5,18569658,1417445504,8543.2939453125,7997.11474609375,3525.06567382813,23942956,24677680,91822784,4736197,18358.154296875,55031828,779481.1875,512617,4511072,11235607,161243,2099.46606445313,64800.5234375,758905.9375,10613767,80165872,982331,70797.4375,5802445,10743474,39112692,16671814,89483632,3958170,505026.34375,49375224,1316127.875,91756248,5929301,889057.875,2763.89868164063,66108656,51184.3515625,101949.25,2494291.25,65343824,3978417.25,64214.625,29518778,6975.03466796875,10808228,411902.375,1858975.375,1817909.875,1160046.125,10867075,103199.7265625,63973.625,16168877,296657.71875,161223.28125,748416,0,8690285,4276301.5,11992780,9830893,260240800,88100.265625,1288839552,14056143,996.554382324219,2790.95263671875,1420483.375,16071.427734375,0,4998138.5,77361728,38202668,341532.28125,8538946,60843428,2727072,102166.828125,6460602.5,128981664,17765446,47898192,6800001,17065390,117653.9453125,56795.5546875,51004648,3006486.75,7092009.5,7621215,4175763.75,6421558,169530.046875,24841.111328125,20877214,1648036.5,2931306,495166.6875,2345170,31109.326171875,33545600,6497.904296875,3679951.5,23596678,403539.78125,122834616,53410.171875,2026986.875,18617582,423260.3125,51207508,648905.75,2899318,47297.96484375,27164466,3735758.5,5070.84326171875,406358.375,1257256.625,18204422,31724628,232062.015625,2095077.25,269630.1875,19398762,2177.5283203125,186958160,6964381.5,1399.52307128906,18134314,5281009.5,31021726,9964.263671875,4194906,3400418.75,197108816,5204103.5,3784326.25,77.5887222290039,32589454,105899000,23546.3984375,7921304.5,39167644,3721165.75,23551246,10497601,6467334.5,4816825.5,287384.46875,3371343.75,887187.5,21021956,147518896,12230146,30715906,37088340,14439196,3275972.25,0,4341.38232421875,5872.4677734375,599994.4375,6127199.5,6285591,7437.0830078125,9839078,5994.193359375,7284967.5,11698264,190731.546875,619405.5,5358328,2191731.25,10717078,1094165.375,21282.80078125,95766.484375,23451428,39806.29296875,13498053,6763141,70913440,8429043,1359.40551757813,9184214,1267366.625,105439.71875,1347113.375,11429917,77791768,11263.6328125,23826564,61940800,43683068,46335512,0,3247478.75,347020384,29422920,1093.50891113281,108633.5703125,29823406,27606.0390625,108711.8125,93979928,267944.5625,11545.552734375,191943.4375,53305.7734375,10604729,0,1813067.375,455.661926269531,0,26252010,55289980,15839799,409200.875,13568007
lights,2015,847.559631347656,329006.875,2694600.75,920.882446289063,2223.6572265625,188935.609375,4707.48974609375,1017694.5625,5996646.5,111998.703125,568.057373046875,55.0323677062988,0,3188.4306640625,6505829.5,459710.34375,533627.0625,88408.484375,794257.1875,332892.78125,790.589233398438,634372.6875,970512.0625,800801.375,25490.787109375,23232.154296875,351603.625,44.8755607604981,330672.28125,63427.80078125,313.511352539063,1244040.625,23225236,5433.58154296875,51227.69921875,74231.953125,0,383137.21875,1752818,7584407.5,12.3155937194824,352648.625,1309147.875,32966388,8087.47119140625,15952.0791015625,334.954895019531,1150084.625,705711.625,3776958.5,527913,63.4907875061035,2668849.75,1512.50231933594,11697.6865234375,361944.34375,592742.1875,5151.9970703125,195.759094238281,1824.07336425781,71551.5625,672909.6875,3030593.5,10986.642578125,3411.080078125,234980.015625,320682.875,3866889.25,1221385.875,3257240.5,26529.724609375,41562.8828125,5218803,122345.34375,1499454.75,1056947.375,25024.287109375,1678.82592773438,5061088.5,4039.3271484375,851.574340820313,279441.84375,2366814.25,294056.4375,130.17854309082,1153164.375,215.478759765625,1041495.1875,18987.93359375,30211.25390625,109294.65625,57176.8828125,1145293,2005.69055175781,2961.14331054688,530336.0625,29436.794921875,5640.59375,75542.046875,267.622161865234,551080.9375,459317.34375,57482.94140625,531865.875,5553068.5,1399.50659179688,25414374,319625.96875,290.233856201172,64.4257507324219,73341.640625,57.5863876342774,123.15478515625,328080.375,9142438,2844347.5,189518.296875,490471.90625,5386802,102993.421875,734.376098632813,471529.21875,3781794.25,1751521.5,556092.375,441780.28125,399402.03125,288.574157714844,1162.03576660156,1815943.5,388886.59375,524845.625,201478.6875,36605.9375,1216507.625,3581.9892578125,1412.08056640625,352386.96875,60483.30859375,122767.0703125,44386.83984375,114259.7890625,803.911987304688,1474586.25,47.4969673156738,48180.3125,1012988.8125,629.643859863281,8658531,63.2352752685547,183975.78125,1235511.875,5169.45458984375,1903657,86183.125,107661.34375,987.926391601563,1601161.625,71098.5703125,57.686954498291,14881.8681640625,21034.765625,271832.4375,1809301.125,2383.89697265625,405347.90625,33165.9140625,117561.171875,18.4485950469971,3229605.25,248680.53125,123.315368652344,749384.5,814791.25,357177.4375,42.6031188964844,379044.875,1358334.125,2743382.25,174770.375,274315.34375,0,1601808.625,956821.5,378.451171875,324406.21875,2224080.75,215215.1875,198866.28125,1315885.875,1191182.125,196282.53125,5605.09765625,291459.75,25085.890625,1108865,15167444,83623.53125,8025027,1578236.5,462560.8125,38588.09375,0,225.646270751953,0,3341.02685546875,143894.015625,169982.359375,1202.68420410156,34770.234375,143.242767333984,779937.1875,2613498.5,2490.43115234375,70421.6640625,276457.625,133075.96875,1208898.5,104538.4140625,558.266357421875,693.526794433594,583767.9375,1949.85034179688,1002866.125,258343.578125,4104687,271990.90625,0,952723.25,45222.62890625,1144.35229492188,115219.0859375,745432.125,6852118,4.41917753219605,662364.6875,2018030.125,604916.9375,1250633.5,6.46801710128784,413770.875,57300504,1091697.5,27.8113307952881,1129.3330078125,3276723.25,851.833679199219,2606.35034179688,1970131,7056.10791015625,77.7145156860352,2416.08911132813,3306.61694335938,322888.25,0,104622.375,16.6546230316162,5.42433643341065,469358.9375,4001310.25,2088076.75,36674.85546875,984563.5625
cropland,2015,6.49902200698853,79746.2578125,54093.5078125,2.52923631668091,109.135665893555,6841.37939453125,41.5948524475098,707.559509277344,411717.0625,5236.39208984375,14.2224473953247,0,0,21.0450553894043,483035.625,14247.0556640625,21582.67578125,15995.5615234375,8236.5166015625,33857.9453125,9.479172706604,63343.40625,83363.8828125,37722.609375,16.4681034088135,62.9487724304199,10836.8505859375,0,58300.453125,1113.48767089844,0,47905.52734375,882591.9375,58.0009651184082,293.479034423828,1472.68432617188,0,3910.28955078125,18202.623046875,529304.1875,0,4379.625,17698.08984375,1235144.625,0.275218218564987,2.60314273834229,0.580665707588196,73575.609375,76451.8046875,85222.9765625,6754.84912109375,0,35751.26953125,663.1103515625,447.344940185547,5364.57275390625,33123.22265625,25.2805004119873,0,0,445.969299316406,32194.44921875,120351.9453125,19.9218502044678,153.650405883789,22807.46875,10824.1767578125,82751.9453125,25054.595703125,37695.6015625,6684.39990234375,0.00502918753772974,168062.734375,6448.52587890625,166922.46875,23590.15234375,2221.8505859375,0,191558.421875,23.9349880218506,0,4980.35400390625,61938.77734375,6581.57421875,0,75623.8203125,1.47209012508392,37558.71484375,167.610153198242,3970.52001953125,5736.03369140625,1738.46423339844,34912.421875,44.7555732727051,0,19335.904296875,173.006591796875,0,4027.73388671875,0,14680.2744140625,9552.0546875,12212.07421875,46097.30859375,428906.375,0.998273611068726,1683124.75,12225.43359375,0.521995007991791,0.911684453487396,2122.83715820313,4.93659210205078,0,10655.40234375,162601.53125,56571.09765625,1135.18908691406,4394.2626953125,87830.765625,1864.07165527344,2.61203789710999,3686.34130859375,39081.4765625,306970.15625,66141.671875,14573.0458984375,39085.08984375,0,17.1341934204102,15983.482421875,139.769577026367,18534.412109375,2661.36206054688,8424.25390625,19411.015625,53.0061874389649,18.332124710083,22231.611328125,2541.97338867188,24363.056640625,596.099731445313,12349.8173828125,2.22806549072266,97156.8515625,0.00141000468283892,21398.650390625,39699.84765625,0,253611.375,0,4600.7353515625,67250.671875,53.3638076782227,123208.046875,1958.71948242188,6687.04736328125,0,60829.97265625,4378.86669921875,2.39769387245178,115.631141662598,170.410446166992,39749,73061.75,0,8791.8583984375,86.7901000976563,160188.609375,0,414549.03125,18525.806640625,0,10204.9755859375,8155.39697265625,23635.0859375,0,6356.07763671875,603.196899414063,310117.0625,7914.5517578125,7167.703125,0,56353.0078125,101229.296875,0,9308.599609375,113362.2890625,1052.41430664063,23282.7890625,18504.306640625,50785.859375,434.383026123047,0,153.207702636719,251.448303222656,90696.7890625,1205252.875,14686.3125,34885.23828125,229008.4375,30740.978515625,93.002571105957,0,0,0,650.86083984375,17521.0078125,9497.1181640625,25.6982383728027,11082.814453125,7.21236658096314,33401.125,30743.919921875,309.919891357422,750.337646484375,13851.4208984375,2238.07543945313,26890.24609375,1910.74731445313,1.55137920379639,0,55886.57421875,11.4890794754028,52225.8203125,28172.787109375,216003.28125,9158.8798828125,0,20850.310546875,2303.07397460938,154.197814941406,437.561065673828,50329.26171875,229605.5625,0,4570.982421875,167979.65625,95473.6953125,338324.9375,0,25660.556640625,1572786.75,46059,0.198259100317955,34.5802993774414,33708.25390625,0,4.50496625900269,100948.3203125,992.319458007812,0,259.118621826172,30.0523738861084,1983.32373046875,0,2322.88647460938,0,0,15293.2587890625,128708.734375,40026.39453125,400.512573242188,41072.88671875
unweighted,unweighted,181.847412109375,641836.75,1246311.25,79.8283462524414,1494.5859375,28603.078125,448.879150390625,70979.1015625,2769893.25,29565.150390625,204.093475341797,12249191,7822.7001953125,435.361389160156,7673285,83487.671875,85874.4296875,26934.326171875,30523.5546875,115252.90625,323.553436279297,272821.71875,139155.25,111071.78125,713.387512207031,13365.4599609375,50819.37890625,20.9372749328613,205728.359375,22024.02734375,67.8211898803711,1083457.625,8504749,434.424774169922,5777.1162109375,38680.8203125,77.158088684082,577051.8125,620113.0625,9883530,13.7052726745605,41016.03125,749803.5,9316429,4561.04736328125,30845.056640625,1413.98767089844,321484.1875,465985.34375,2328672.75,341726,282.744781494141,1137151,1672.42431640625,4087.70947265625,51162.4609375,110579.6796875,437.503173828125,139.578720092773,280.061157226563,5700.689453125,78376.828125,355653.25,22362.921875,753.6416015625,42847.51953125,48041.23046875,2302846.25,256336.40625,981780.6875,120371.765625,266850.3125,503930.375,45157.3046875,1128742.75,334203.875,18946.462890625,12320.837890625,546617.125,1427.84045410156,774.713256835938,264547.84375,243683.171875,69528.953125,88.0716857910156,239425.984375,7.18395566940308,244734.171875,1648.89721679688,10664.75390625,33867.18359375,26959.0859375,132050.546875,359.364624023438,2131357,109064.1328125,83296.765625,549.468505859375,209727.078125,360.525909423828,112215.4921875,56793.265625,27078.162109375,92539.0234375,1890150.375,575.875244140625,2973927,103919.265625,306.844757080078,257.463104248047,66978.6015625,1081.72241210937,64.4377212524414,69815.5703125,1617037.625,435153,101382.7421875,22098.10546875,299346.5,10989.5556640625,124.626487731934,88953.546875,371089.4375,2715424.25,585973.875,196579.84375,181607.78125,1012.05609130859,266.879364013672,100183.6640625,17386.06640625,229638.15625,10206.0048828125,95905.6875,1612704.75,614.048767089844,158.659515380859,65825.5859375,30470.4296875,64575.00390625,2566.03173828125,64255.8671875,56.098876953125,412337.75,2.3477509021759,33723.90625,590781.4375,299.666320800781,1947956.875,300.206848144531,24800.45703125,1250049,322.221588134766,668410.6875,13274.5595703125,1557917.375,503.743621826172,786740.25,1039902.9375,100.572509765625,1117.24194335938,2025.11743164062,117863.875,329561.9375,391.476257324219,822853.625,18801.892578125,1182586.875,40.5051383972168,908142.9375,128115.1171875,266.341552734375,37450.453125,322500.25,147330.109375,22.1506690979004,267514.0625,308757.40625,790468.1875,81528.171875,75435.4921875,54.1013679504395,1292063,295723.375,484.087341308594,463548.75,310448.84375,8961.685546875,122195.34375,91503.046875,398659.03125,6202.6435546875,4050.10375976562,11562.177734375,2509.3701171875,237109.03125,16798932,25278.869140625,1919766,1870649.5,196767.53125,697.016967773438,4069.1279296875,410.352844238281,59761.0390625,28525.703125,72584.8828125,20411.052734375,60.9850616455078,633438.1875,225.237106323242,77849.953125,627990.75,1002.23083496094,146417.421875,48816.3046875,19851.720703125,446516.0625,17348.248046875,37.9520835876465,491.152130126953,186300.234375,990.02392578125,1269020,56891.5703125,513575.1875,141559.578125,15.6630907058716,487638.875,14911.9775390625,762.5986328125,5157.501953125,154381.265625,777595.1875,41.7198677062988,36346.87109375,940396.375,241437.03125,597931.625,47.2216491699219,177076,9428837,445565.25,0.524599075317383,397.741241455078,912202.5625,169.246994018555,361.839477539063,328983.84375,12309.3564453125,155.615447998047,2851.76953125,232.830474853516,369942.96875,10.0917539596558,10787.09765625,19.662992477417,1.87399220466614,451838.5625,1216829.25,750755.4375,3302.8271484375,389625.3125
popcount,1900,3109.74072265625,5344694.5,1803971.25,1540.57067871094,11493.1650390625,805373.8125,2640.09399414063,50171.91015625,4912689.5,848593.4375,2038.34802246094,0,0,15174.0263671875,3683212.25,6120445,1849280.375,1233878.375,6565593.5,953630.3125,2712.63232421875,2376729.25,29031942,3290185.25,35637.8671875,14436.94140625,1431272.125,0,5260688,34629.078125,0,1757469.875,17695964,101213.3125,18540.322265625,141930.640625,0,172833.765625,522623.96875,5760509,0,3376917.5,2829964.75,400794304,1203.71557617188,2769.89208984375,249.089935302734,1700528.375,2560406,8472653,502450.75,0,3974549.75,61786.9765625,65015.50390625,299635.40625,1483910.25,21379.49609375,0,0,111496.0078125,8617388,54015376,24469.498046875,20607.552734375,2362415.5,633995.75,6231238.5,1381754.5,10812116,325224.9375,7187.32666015625,17645856,854896.6875,12504812,2825280,143773.984375,1858.279296875,40261532,12614.9384765625,0,275599.40625,36459224,2221068.5,0,3036631.25,1363.65161132813,1570229.25,132699.140625,59441.19921875,201485.734375,137053.484375,4552892,45437.5234375,8116.4150390625,1294898.875,14173.5966796875,0,220024.90625,0,520193.40625,2012736.5,1409211,6540185.5,35426948,25091.90234375,281481632,2369377.75,468.914642333984,128.568176269531,159842.640625,753.586730957031,0,4221383.5,11852423,2391345.25,67490.4609375,642635.4375,30843576,617493.75,30061.447265625,199187.453125,38356688,3319012.25,3153638.25,1401329.25,2913623.5,0,9862.4169921875,9003277,81308.6953125,1522372.75,560751.5,472461,594042.125,2117.35620117188,10376.173828125,3191031.75,215232.34375,1815762.875,241800.140625,1511503.5,1348.57202148438,6004082,426.799713134766,1612539.5,1655413.875,0,13598278,0,734024.6875,2206188,82855.953125,12441484,245404.625,854510.3125,0,3682334,426862.5625,1593.25866699219,123558.4921875,231843.484375,825483.75,2340430.75,135.670944213867,366072.75,43335.7421875,1562372.375,0,23579684,522305.5625,0,5243451,2240958.5,5938712.5,0,748764.6875,360306.375,19925102,530770.75,250030.3125,0,4725334,6810049,0,1287837.625,24714478,928310.75,4438224.5,4881245.5,560810.125,259017.125,0,17316.517578125,122084.2578125,11058098,72376592,1105636.25,2334915,4552075.5,882757.25,178072.953125,0,0,651.541625976563,38864.3515625,260108.5625,767350.3125,4870.56787109375,1438734.375,1284.5380859375,4011611.25,1463934.625,25560.1171875,98958.40625,2848811.25,904090.625,5332942,122258.578125,938.996826171875,0,1934502.25,373.633239746094,1534866.625,585550.8125,6987816.5,1233307,0,954283.5,309855.71875,18730.6953125,239015.296875,1276432.625,12337964,0,2602637.75,3597675.5,2989247,25186170,0,854376.6875,76966912,4452404.5,503.44384765625,25187.201171875,2305064.25,0,4262.5947265625,16907686,25702.404296875,0,22784.23828125,7088.19384765625,394805.6875,0,541312.125,0,0,3113935,4081580.5,737629.4375,52338.421875,812154.625
popcount,1910,3051.2021484375,5783760.5,1928367.25,1457.90209960938,13168.9638671875,880937.5625,2746.12963867188,52316.9765625,6910230.5,893758.0625,2296.62475585938,0,0,14980.7470703125,4342865,6787909,1996958.375,1307586,7277689.5,971776.0625,3336.55249023438,2486400,31008214,3830658,37591.40625,16504.87109375,1586200.25,0,5716007.5,38847.9765625,0,2024905.375,22322448,104951.0234375,19659.017578125,141372.78125,0,186649.90625,559404.875,7548680,0,3794953,3263486.75,424081632,1195.22778320313,2539.02709960938,226.631927490234,1761398,2683159,8748947,523427.53125,0,4856093,65995.25,70546.6484375,371826.03125,1955962.125,23071.35546875,0,0,127900.203125,9362122,62432720,25601.48828125,24549.021484375,2667943.75,796114,6686141.5,1595316.125,12363802,358572.21875,7342.9599609375,18865142,894271,13696847,3239281,149712.125,1931.61364746094,41073248,15787.5322265625,0,288496.375,40165988,2406874.75,0,3161130.25,1427.82556152344,1639258.125,137429.375,83911.4921875,220261.640625,151530.796875,4882533,47006.1171875,8987.9716796875,1438440,15784.76171875,0,236111.1875,0,566593.9375,2227275.25,1635176.875,7126953,42684452,23761.67578125,261455664,2206536.5,415.767028808594,115.34455871582,146464.515625,688.299926757813,0,4132975.25,12825875,2727840.25,68002.8046875,651450.4375,32974952,699321.125,30484.693359375,241220.390625,43205340,4138492.75,3332005,1480099.375,3129195.25,0,9931.1416015625,9187974,82087.1875,1494200.625,565248,495966.46875,615215.5,2171.33471679688,11301.4775390625,3677453.75,252179.46875,2017544.75,259254.3125,1679895.75,1275.69995117188,6430911.5,545.387817382813,1765784.625,1774252.25,0,15148925,0,823334.5625,2329601.5,93455.84375,13723830,275403.59375,939787.3125,0,3911343.75,443256.59375,1649.75122070313,132309.796875,229588.109375,907094.3125,2734207.75,135.631927490234,384439.8125,44298.21484375,1627120,0,24451802,597443.5625,0,6018990.5,2390732.75,6161421.5,0,897407.0625,378391.40625,20308820,532967.4375,320597.96875,0,5199323.5,8192753.5,0,1289859.375,26628982,1144541.875,4497506.5,5330738,725535.0625,265000.5625,0,17423.015625,122144.7578125,11957250,90081416,1170014.25,2406662.75,4718123,1099018.25,229720.859375,0,0,656.993347167969,40102.0234375,394115.71875,975876.6875,5120.33935546875,1514398.75,1288.13391113281,4407092,1515209.75,28215.408203125,109739.6171875,2962021.25,992785.1875,5729004.5,133912.640625,888.256774902344,0,1906793.375,386.424194335938,1595817.75,596848.6875,8268383,1298238.875,0,1007265.1875,324640.3125,19410.78515625,294957.53125,1372743.875,12585329,0,2974165.5,3807954,3137628.5,31022714,0,976899.9375,92429368,4705827,548.289306640625,26056.162109375,2331351.25,0,4070.20434570313,19062764,26573.24609375,0,16537.865234375,8174.86083984375,453722.40625,0,598612.5,0,0,3221754.75,5453597,808305.125,60511.2109375,892523
popcount,1920,2785.38305664063,6384831.5,2097615.75,1436.05993652344,14354.1796875,941090.375,2890.29663085938,53526.08984375,9118752,942143.625,2760.05786132813,0,0,12955.6923828125,5265303,6555007,2151989.75,1406296.375,7326059.5,1158928.75,3546.26635742188,2631966.75,33062694,4306212.5,41851.45703125,20638.439453125,1811054.625,0,6162251.5,43898.21875,0,2914322.25,30955246,108713.6875,20785.87109375,157303.1875,0,204655.734375,609918.875,9233578,0,3898561.25,3644075,473375392,1242.30871582031,2489.79663085938,224.661697387695,1840689.625,2844949,9108975,551330.8125,0,6160208,70479.75,76543.09375,457666.53125,2698517,23747.1953125,0,0,144796.25,9643562,60546236,27088.595703125,26925.1328125,3093823.25,1036386.625,7141565,1766559.125,13952125,404967.25,8272.2080078125,20138486,938853.875,14891418,3531161.25,155594.6875,1945.16479492188,39165156,18063.94140625,0,304400.875,42217400,2606728,0,3336273.75,1688.01342773438,1729697.625,137871.328125,102253.515625,240560.71875,158904.46875,5231485.5,47102.00390625,9964.4619140625,1601031.625,17658.552734375,0,250859.234375,0,665868.9375,2537167.5,1922192,7437016,49939204,26857.056640625,262020976,2334221.75,401.973907470703,112.716178894043,172407.484375,686.051513671875,0,4101908.75,13799781,3028632.75,84796.1953125,803916.375,36605660,795875.4375,28615.578125,285840.625,48051696,5473335.5,3570826,1566694.25,3334615.75,0,8651.3310546875,10747752,82851.484375,1555049.375,642824.8125,527287.625,611827.375,2156.94677734375,10823.72265625,4238534.5,306045.8125,2119572.25,268047.6875,1766969,1256.73266601563,6855853,584.954956054688,1897049.625,1936672.875,0,14346529,0,896537.5,2494389.75,104055.3359375,15017181,305510,900851,0,4462830.5,460835.8125,1654.56042480469,134928.53125,233531.171875,1023559.3125,3393506.5,135.590225219727,403964.21875,44831.375,1712578.5,0,25595368,683591.875,0,6859433.5,2649898.75,6711659,0,1099801.625,380109.1875,21737810,548342.75,392162.3125,0,5685902.5,9961110,0,1369922.25,24006060,1360989.25,5409044.5,5478396,896319.6875,333397.5625,0,18693.841796875,121084.21875,12445866,82889800,1255803.625,2466177.75,4934540,1067455.5,309202.6875,0,0,728.816589355469,44444.1875,581724.9375,1357473,5581.234375,1663826.75,1143.22253417969,4800434.5,1582253.25,31159.7734375,130760.203125,3043002.75,1116592.75,6023875.5,146705.203125,875.050048828125,0,1890220.75,482.922302246094,1675865.125,707041.8125,9739878,1367245.625,0,1063209.625,339450.90625,19944.19921875,346321.28125,1504962.25,13813286,0,3392146,4090008.75,3334278.75,31548226,0,1244937.375,106848400,4978455.5,620.095153808594,26109.955078125,2359271,0,3886.18383789063,21036184,27238.388671875,0,22725.083984375,9289.9169921875,494849.34375,0,655549.9375,0,0,3475180,6734944,907936.9375,68864.65625,1006191.5
popcount,1930,4386.7705078125,6989922.5,2350767.5,1517.08703613281,15504.490234375,984147.125,2997.0400390625,54815.10546875,11462524,993243.375,3316.91455078125,0,0,13395.04296875,6227075,6832943,2321198.5,1550880.75,7962650,1383662.25,2918.49096679688,2841082.25,36399216,5206850,46590.8359375,25807.826171875,2067663.625,0,6671516.5,49594.90625,0,2943485.25,41178544,112501.015625,25899.33984375,180762.34375,0,231287.34375,686332.4375,10951974,0,4094193.75,4102574.5,490698368,1249.23132324219,2307.99267578125,214.743438720703,1952516.375,3078428.5,9616438,591759,0,7839980,75257.2890625,83043.640625,500115.3125,3529986.25,31570.296875,0,0,161030.71875,10440466,64774396,29198.75,25338.3515625,3535754.5,1365137.5,7597895,1920350.875,15573658,477237.5,10016.740234375,22242578,990288,16088163,3815902.25,161422.375,1959.06982421875,41288948,20667.80859375,0,327257.46875,44186240,2824333.25,0,3584371.5,1713.48901367188,1859779.875,138326.125,134399.296875,276783.53125,166353.953125,5828200,47197.9921875,11059.88671875,1772196.375,19773.0546875,0,266668.25,0,868523.5625,2893609,2193883.5,8080066.5,57190068,22624.126953125,287704960,2564828.75,399.636077880859,111.844329833984,202987.5,702.190124511719,0,2767889.5,14772249,3167372.75,96888.1953125,996267.125,39093224,905761.8125,29264.369140625,339499.90625,55532160,6118603,3920231,1655165.25,3670163.75,0,7873.3955078125,12662094,84111.2734375,1623670.375,794728.9375,572658.3125,606516.6875,2142.841796875,11494.2578125,4753412,398069.90625,2232532.75,282208.15625,1860669.875,1326.88891601563,7278935,823.086303710938,2033473.125,2181001.25,0,16582257,0,976812.8125,2735513,114656.7578125,16308493,335487.84375,863832,0,5096597,489388,1659.32885742188,137593.4375,243071.078125,1204039,4064077,135.545761108398,424916.96875,45302.03125,1834447,0,27214998,864357.5,0,7888536,2814890.75,7305614.5,0,1301767.625,383187.09375,24396070,592523.8125,453573.53125,0,6216946,12247125,0,1455004.375,28200214,1577657.5,6451952,5927521,1074070.75,419406.1875,0,20069.8984375,135786.453125,14359400,92364560,1380692.5,2588172.25,5240111.5,1329152.5,493041.1875,0,0,808.575927734375,49257.5703125,863152.75,1396710,5848.640625,1827659.5,1007.77233886719,5207595,1677327.625,34425.15625,155918.234375,3379019.5,1258867.625,6387317.5,160944.421875,923.899108886719,0,1875470.125,603.527526855469,1789921.875,839243.75,12278672,1439569.875,0,1122003.125,354831.8125,20492.775390625,360199.3125,1705286.25,15329192,0,4183435,4503347.5,3618140.5,29850654,0,1515334,124009544,5261875,674.086364746094,26164.98046875,3067442.5,0,3710.19799804688,23005838,27919.48828125,0,31629.537109375,10751.048828125,554921.5625,0,713225.6875,0,0,3728632.25,8371968,1063939.5,76109.0546875,1183449.25
popcount,1940,9844.3232421875,7606268.5,2804621,1542.94860839844,15708.6513671875,1076422.375,3088.95483398438,56163.96875,13802645,1280011.125,3986.01049804688,0,0,15609.365234375,6976510.5,6837836.5,2514777,1801949.25,8218416.5,1654067.125,2819.17797851563,3192884,39876784,6552979,51863.4609375,32272.736328125,2360629.5,0,7231988.5,56303.76171875,0,3430585,41974620,116312.6328125,31215.61328125,214704.25,0,277966.21875,825439.3125,12213953,0,4282554.5,4856557,523707616,1365.818359375,2195.98779296875,209.154541015625,2135474.75,3473832.75,10444765,660383.75,0,9079420,80345.5546875,90090.3203125,650535.25,3930547,48116,0,0,177384.796875,9538736,69480960,32755.8125,38508.70703125,3872569.5,1623927.625,8056613.5,2864990.25,17845232,617406.875,13458.890625,24372180,1047128.9375,17289088,3869259.5,199028.90625,1973.23083496094,41050364,23645.94140625,0,365719.71875,45869324,3457181.25,0,3991316.25,2069.16381835938,2075218.125,138793.71875,175313.953125,340134.84375,174044.0625,6683440.5,47294.08203125,12290.0859375,2202453.25,22108.060546875,0,283350.6875,0,1123040,3299276,2492791.5,8748852,64439256,22664,327263808,2837969,419.761871337891,117.208061218262,239869.609375,759.804748535156,0,2784024.5,15753756,4518722.5,109521.671875,1248975.5,41877732,1030820.625,30050.82421875,409888.4375,63156176,8225236,4525439.5,1754511.25,4038574.5,0,7033.55078125,14245476,85430.15625,1697417.375,1002728.875,648621.75,769522.3125,2129.03759765625,11949.6865234375,5399487,604571.3125,2624832.5,294226.75,1925659.25,1349.048828125,7700196.5,883.810180664063,2194221,2622571.75,0,19663532,0,1065112.75,3151838.25,125262.3125,17604210,365942.375,829326.4375,0,6314217,534108.625,1664.05554199219,140305.296875,267216.96875,1551185.75,5276527,135.498519897461,447937.0625,45704.0859375,2037137.125,0,29879422,1036547.875,0,8838844,3010763.5,7993976.5,0,1503336.625,386302.96875,27983834,713037.6875,611095.3125,0,6871671.5,15385616,0,1545421.75,27200212,1794551.5,7709364.5,6680231.5,1251482.5,527543.125,0,21552.138671875,151089.875,15268398,114392584,1595693.75,2716753.5,5741065.5,1596712.75,660303.4375,0,0,897.15576171875,54593.515625,1285709,1730419.5,6141.69970703125,2007349.125,883.557861328125,5605242.5,1833998.625,37569.20703125,179915.984375,3422176,1417350.5,6622371,177795.96875,939.328857421875,0,2880367,754.264221191406,1979237.75,998910.3125,15333995,1515480,0,1183986.875,370804.40625,21056.8828125,422878.03125,2071874.375,18347870,0,5317189.5,5220957,4099506.25,31774528,0,1783141.125,132966272,5569901.5,734.846740722656,26221.21484375,3671216.25,0,3541.92163085938,24979820,28616.6015625,0,44545.421875,12253.767578125,637871.75,0,771903.8125,0,0,3981834.75,10166497,1365790.375,83152.640625,1524909.5
popcount,1950,12325.8935546875,8311901,4155105.75,7365.17626953125,16990.169921875,1226886.875,3274.87841796875,57579.06640625,16721983,1327194.875,5856.01025390625,0,0,19499.65234375,8042284.5,7071243.5,2703893.75,2495481.75,8527039,1982687.875,4978.4482421875,4093140.75,43289108,7244485.5,57729.3359375,40358.0078125,2695224.75,0,7790743.5,64147.17578125,0,2741927.5,53957156,120148.140625,36903.12890625,249179.578125,0,417236.875,1252638.625,14374913,0,4691269.5,5886001.5,540201536,2075.31274414063,2034.17932128906,198.287933349609,2575897.5,4499469,12425331,837214.4375,0,11863003,85763.140625,97728.640625,948715.625,5394379,97368.4921875,0,0,230811.65625,9013924,68323936,42282.453125,37309.98828125,3912606.5,2229313.5,8523713,3477152,21489456,1145484.25,20456.515625,26303022,1093896.5,18507576,4185346,233987.53125,1987.55151367188,41677128,27051.794921875,0,464140.5,48702496,3375344.5,0,4983781,2492.35595703125,2604719,139274.078125,234316.765625,538967.8125,182825.03125,6941922,43968.33984375,13672.9658203125,3139390.25,24808.236328125,0,301183.0625,0,1486221.875,3757711,2807661.75,9395870,71828848,22781.111328125,367537440,3159967.5,416.617370605469,116.929412841797,279121.90625,778.36376953125,0,6574298,16735343,5803717.5,119272.953125,1555997.125,44245784,1173146.25,32495.064453125,490815.09375,71156416,7144999.5,6181771,1844670.125,4447390.5,0,9177.7021484375,17518210,86782.5625,1785103.5,1251252.625,838030.875,876461.6875,2115.55029296875,13226.603515625,7472494.5,650074.25,2574127,292111.5,1913476.75,6479.11376953125,8119674.5,920.737609863281,2390121.25,3958465,0,27694134,0,1159796.375,4282897,135874.0625,17093732,396979.46875,789581.9375,0,6410097.5,639936.3125,1668.740234375,143065,293679.3125,2777648.75,5835159.5,135.44841003418,476686.53125,46032.4453125,2542448.25,0,36356544,1365436.375,0,9943659,3264787,8704203,0,1704542,389461.875,40000036,1417801.25,817826.375,0,7294352,18538852,0,1641508.25,24885874,2103158,9206383,7296349,1444338.5,663527.75,0,23148.59375,170475.546875,16447427,104299224,2179385.5,2852224.75,6952080,2140844,855742,0,0,995.538513183594,60508.98828125,1922527.5,2139098.5,6355.216796875,2204799.25,858.899353027344,5999311.5,2214887,38371.078125,213619.65625,3482120.25,1597426.625,7325386.5,281446,4511.34033203125,0,3473799.75,942.662170410156,2448006,1197881.125,20305302,1595154.375,0,1249059.375,387427.90625,21636.8984375,564351.1875,3217046.25,20790478,0,7215239,7196211,5354854,37496716,0,2054581.5,158573728,5872565.5,789.650939941406,26278.634765625,4950056,0,3381.04028320313,26950776,29329.76171875,0,63405.0546875,15685.78515625,687179.3125,0,831689.6875,0,0,4234751.5,13393754,2360755.25,105813.453125,2752423.25
popcount,1960,15931.392578125,9783439,5024756.5,8821.3955078125,18716.38671875,1610421.5,6396.32958984375,73916.34375,20246200,1822042.875,6223.31005859375,0,0,23031.427734375,9985418,7197057.5,3611858.25,3009653,9099731,2201686.25,6047.84130859375,4750522,53876988,7858360.5,78087.453125,55975.39453125,3190270,0,8238197,86601.546875,0,3389148.75,72755520,132424.609375,59723.3984375,332220.03125,0,530653.25,1423141.75,18726220,0,5298632,7399457,639381824,2359.37524414063,2321.44360351563,197.628997802734,3534208,5447564,15693719,1044564.375,0,15812295,105489.171875,131479.484375,1307015.75,6479209,117743.3828125,0,0,234262.90625,9162276,72725312,54432.46875,43181.84765625,4202694.5,3086126,10519216,4502813,27757238,1429618.125,40774.90625,28515760,1108443.5,22649118,4612793,319281.46875,1894.216796875,45516204,29507.083984375,0,481921.03125,50409868,3982060.5,0,6761535.5,2932.69921875,3106568.5,182731.71875,288629.625,622763.5625,201745.21875,7648875,51520.1484375,19217.26953125,4125787.75,32158.908203125,0,401534,0,1995897.875,3967273.5,3516155.5,10023108,86519280,21329.482421875,443252320,3446074.75,458.550323486328,129.492416381836,364502.3125,884.604858398438,0,7213918.5,21477082,7602952,145991.375,2283082.25,47230996,1362432.5,34696.01953125,900507.0625,80372872,10555579,8233170,2335850.25,5564336.5,0,11975.810546875,22853562,156631.671875,2274956.5,1636552.375,1070322.5,1144898.875,2412.44653320313,15107.8203125,9069902,764251.5625,2785995.5,314816.15625,2079287.625,7760.9833984375,10517906,1166.98754882813,3029558.5,4942415.5,0,37757928,0,1313104.5,5081136.5,135870.234375,21019888,427960.28125,989737.4375,0,7626891.5,842757.9375,1494.27514648438,181462.421875,391824.625,3411563.75,7858031,135.395416259766,591766.25,54300.62890625,3330442,0,44749776,1873910.75,0,11281997,3580577.25,10349829,0,2116932.25,481559.15625,47610920,1419712,1074267.125,0,9409829,25069478,0,1898774.25,29628652,2238759.75,10338297,7691691.5,1908090.75,862669.5625,0,41432.640625,228988.203125,18579646,121953496,2895159.25,3620794.25,8839020,2725407.25,1328192.25,0,0,1104.81579589844,79511.0625,2231008.75,2704351.5,6655.50244140625,2740938.25,907.27978515625,6354766,2811111.75,39174.86328125,288019.03125,4124469,1704618.375,7823276,355887,5403.89306640625,0,4534788,1068.93383789063,2988718.5,1414358.25,27222996,2152500.25,0,1642802.125,447919.15625,31382.14453125,747093.5,3841982.25,27249178,0,10123802,9470376,7045231,43016744,0,2324155.75,187042176,7953493,856.986999511719,31755.646484375,7356968.5,0,4126.2783203125,33145758,40088.93359375,0,84868.8125,15874.05859375,929221.8125,0,970957.8125,0,0,5122886.5,16983112,3065432.75,106373.09375,3770217.5
popcount,1970,18379.494140625,12167847,5975340.5,10330.5400390625,19398.46875,2118255.5,11259.18359375,182471.0625,23584938,2443773.25,8494.421875,0,0,29183.873046875,12290028,7628183.5,4777123,3611797.75,9602707,2770614.75,6974.37451171875,5849387.5,66631400,8484038,106161.28125,86505.3828125,3557910.5,0,9081415,114416.6640625,0,4264341,96096424,137447.671875,89439.0546875,421714.96875,0,702887.0625,1743699.875,22706808,0,6105713,9252799,820631232,3119.72802734375,3004.19946289063,218.235015869141,5528233.5,6889767,20594964,1496241.125,0,21057420,129637.8515625,183886.453125,1781554.875,7919359,139615.5,0,0,237282.578125,9258236,77901528,74757.859375,47163.9296875,4544135,4164156,13390637,6017247,35800424,1854752.625,86042.6640625,31463478,1123900.375,29093448,4781989,421451.75,1770.27258300781,50572080,33161.75390625,0,517911.84375,53570640,4510042,0,8640199,3175.85864257813,4126809.5,212938.375,416513.03125,649137.125,230179.640625,8078070.5,54131.91796875,27005.390625,5417220.5,48222.296875,0,507919.78125,0,2697865.25,4107124.75,4287906,10477959,110056016,21754.556640625,547199936,4348055,529.929626464844,151.819290161133,480984.25,1057.525390625,0,7669991.5,28353110,10165451,169270.03125,2828127.25,50866880,1586654.5,39631.078125,1641271.5,90038840,13824776,11416516,3201447,7120974,0,10877.5224609375,28682666,417301.6875,2920495.75,2139689,1447045.75,1685536.125,2627.8564453125,18398.505859375,11349275,936993.4375,3142598.75,338696.5,2317697,9089.8740234375,13818357,1528.4833984375,3591850.75,6337573,0,51534616,0,1480150.125,6068663.5,132218.484375,26139096,459360.5625,1316431.875,0,9419569,1110684.125,1436.67333984375,209475.09375,488954.5,4377448,10474440,135.339462280273,763734.6875,71621.921875,4465355,0,56864692,2534250,0,12688542,3877645.75,12660792,0,2514003,628555.75,58022552,1653042.5,1435855.125,0,12386373,32825960,0,2221494,32504586,2577592,13478696,7599356,2494307.75,1001949.8125,0,99310.640625,313188.5625,20439460,132754688,3745667.75,5113742,11174214,3614448.25,1711575.125,0,0,1226.20080566406,107443.1015625,2576618.75,3641949,7029.55615234375,3497538.5,993.606018066406,6625563,3547004.5,45452.359375,368391.03125,4476567.5,1799687.75,8401753,456525.28125,6329.1865234375,0,6255139,1051.59350585938,3686533,1869234,36222160,2999865.25,0,2251655.25,542625.5,38804.26171875,855580.8125,4661523,34168632,0,13197021,12780306,9758284,47590360,0,2565928.5,210171312,11157289,937.723815917969,35499.328125,10396756,0,8120.19189453125,44233728,54193.24609375,0,109901.6015625,16019.3896484375,1290340,0,1187898.375,0,0,6030057.5,21919858,4155380.75,106682.890625,5194902
popcount,1980,19644.583984375,14439042,7693341,11219.84765625,20064.30859375,2640590.75,17084.45703125,792189,27788238,2993194.25,10102.2802734375,0,0,30503.80078125,14144208,7720372,5669223.5,4290307,9852496,3509479.25,7566.228515625,7255898.5,80445048,8843704,179649.40625,105559.78125,3899259,0,9689618,135284.90625,0,5425682,121960672,143813.828125,135556.953125,562409.3125,0,1009649.6875,2185887.75,25596304,0,6252465,10758196,990765056,4433.98388671875,3547.91137695313,236.236602783203,8634041,9165686,27395000,2096159,0,26539528,176862.40625,200215.015625,2295692,8936702,152888.015625,0,0,240380.625,9340060,78154528,100884.6171875,53226.33984375,4758943,5429668.5,18300780,7986966.5,44827676,2472949.5,161086.8125,34732188,1139681,35655916,4948243.5,513395.90625,1659.99548339844,53585448,36833.4453125,0,649715.1875,54192708,4866798.5,0,10869197,3663.51440429688,4404598.5,217888.875,577535.5,890390.4375,183670.40625,8859424,50998.66015625,29038.1171875,6998144.5,65773.078125,0,541115.75,0,3622548.25,4316142,5174133,10898234,140130320,27312.5390625,691306752,5722220,626.95849609375,181.780136108398,627068.6875,1292.65783691406,0,6317807.5,38215388,13897654,189027.203125,3683729.25,53561608,1804986.125,40537.26171875,2267341.5,100659832,15665966,16443096,3997085.75,6797306,0,10911.013671875,34105704,759504.125,3518375,2477999,1922376.5,2578946.5,2720.66723632813,20351.10546875,13614557,1194694.75,3430318,360079.53125,2463303,9873.2607421875,17623456,1821.06481933594,3977257,8345411.5,0,68276016,0,1693080.375,7295941.5,142292.53125,32873084,504645.03125,1730225.75,0,12143651,1484850.875,1473.56616210938,209745.78125,569955.375,6058468,13191385,135.280517578125,983239.0625,94786.1640625,5971318,0,74904448,3438419.25,0,13755954,4081795.75,15842027,0,2800275.75,1061036.25,78424696,2433285.75,1850431.125,0,16148401,43549596,0,2938906.25,35532572,3035245,16330338,8613417,3162336.5,1372584.25,0,202377.6875,342544.59375,22411306,141291184,5189248.5,8656427,15185282,4767928,2041659.25,0,0,1361.04089355469,153145.328125,3143450,4555086,7129.79296875,6200104.5,1093.58764648438,7066099.5,4808497,59643.0234375,363967.15625,4907324.5,1992441.5,8679369,608118.625,6874.650390625,0,8683863,1404.85339355469,4598444.5,2359236.25,46553348,3981936,0,2950140.25,529547.75,42854.2109375,954857.1875,5875507,42384324,0,16273161,17542586,13098569,50361400,0,2669359.25,230501376,14985809,988.375793457031,39429.328125,14721730,0,12500.423828125,53118604,73292.1796875,0,119672.6015625,16157.36328125,1622002,0,1485683.125,0,0,7802798,28278014,5780318,106979.984375,7285250
popcount,1990,20467.896484375,13460924,10378457,12521.8974609375,20864.65234375,3241147,24095.017578125,1402173.125,32361428,3420886,14645.8896484375,0,0,26188.62890625,16375477,7847094.5,6611901,5800499,9966231,4638182.5,8222.2236328125,9391158,104908000,8802239,247767.71875,126608.2109375,4277948,0,10277476,178198.875,0,6767858,150227648,150509.09375,181816.78125,705503.125,0,1397208.875,2820489.25,28924638,0,6622684,12673275,1154451072,6043.44482421875,3941.2880859375,262.641418457031,12682520,12234154,36927316,2860074.5,0,32771362,232939.390625,229435.546875,3013002.75,9631349,168286.65625,0,0,243883.546875,9406108,79055536,124564.9609375,50120.453125,4791406.5,6735257,24570306,10202573,56624072,3161923.75,297476.0625,35948836,1153201.125,48633788,5147245,588029.625,1795.9833984375,56351784,40979.7265625,0,867549.25,55072276,5244789,0,14750572,4002.95776367188,5748556,258006.375,884311,1097643.5,303419.40625,9337146,55158.23046875,31848.005859375,8877844,110772.1640625,0,502863.6875,0,4854656,4457745.5,6474221.5,10612631,171474960,27486.27734375,862909824,7536506.5,729.802673339844,216.575302124023,809411.375,1558.34973144531,0,5362270.5,54287656,17603306,210090.5,4596110,54148276,1993277.125,43188.09375,3361329.75,106503688,17403574,23656146,4856739,9865983,0,10280.4775390625,39101564,1162015.125,4504015,2696746.5,2146346.75,3663601.75,3361.0830078125,22185.2734375,15626910,1494043.5,3691837.5,376030.84375,2612807.5,11018.1982421875,22278768,2134.97998046875,4301547.5,10951106,0,83573552,0,1805993.75,8766652,160093.8125,39291580,542763.5,2231459.5,0,13740291,1900953.875,1328.38513183594,230839.53125,621446.8125,9033349,17230374,135.218536376953,1367232.875,110139.9765625,7908657,0,96739480,4382912.5,0,14591666,4238401.5,19897692,0,3038805.75,1681729.25,108411808,3650767.5,2288111.25,0,20202372,56987652,0,3793003.25,37996228,3353081.5,19083972,8756879,4151215.75,1850982.5,0,431331.46875,406652.90625,23422726,151147232,7113829.5,14219765,20051902,6373730,2608453.25,0,0,1510.83349609375,207204.265625,3967586.75,5235618,7112.904296875,6374352.5,1118.94213867188,7258853.5,6339552.5,74175.453125,404106.03125,5193840.5,2060311.5,8936097,859962.6875,7671.8583984375,0,11908807,2155.82299804688,6069463,3213487.75,55978504,5275488,0,3790525,674226.9375,43928.24609375,1072419,7455391.5,51911000,0,18638622,23976188,18325494,51995424,0,2854328.5,253785632,19342624,1029.56201171875,42190.7109375,19367930,0,13140.791015625,65979092,93031.15625,0,124545.21875,16310.7470703125,2049768.25,0,1877808.875,0,0,11734376,35739024,7877293,107411.6953125,10439483
popcount,2000,29342.06640625,23297968,13936857,12521.0732421875,21575.2265625,3041421.5,30406.412109375,2351614.5,36683564,2988275,17760.783203125,0,0,32651.330078125,18310696,8180258,7375269.5,6616309,10189469,6314170.5,7883.09716796875,12347828,129207824,8008035,321263.5,145729.46875,3646582,0,10065803,232227.203125,0,8433258,175445600,155675.09375,236234.203125,848458.875,0,1775005.625,3549303.25,32048006,0,7089923.5,14824349,1279786240,8341.712890625,4449.17138671875,291.914154052734,16805352,15755817,50125076,3980104.75,0,39165760,299560.65625,287535.65625,3853315.25,10114682,159889.125,0,0,247947.796875,9456906,82332704,155531.890625,49550.984375,4967451,8019486,29656660,12208539,67375352,3690118.25,339914.9375,37153624,1156845.875,65978940,5323864.5,654539.3125,2616.53369140625,58665864,39899.87109375,0,1093247.375,56667416,4575171.5,0,19047472,4143.34423828125,8286704,285708.0625,1191520.125,1349217.75,408106.53125,10048789,62560.37109375,32044.78515625,11252566,152231.890625,0,507526.65625,0,6108671.5,4437006,7852710.5,10342046,198546512,32022.76953125,1039561984,10165393,850.905395507813,262.230407714844,1025885.25,1903.52990722656,0,5006394,64564876,24165464,230584.328125,6165576,54342056,2171463,46862.12890625,4741984,109597528,16002425,31503496,5503509.5,12774408,0,11556.3564453125,41765356,1089780,5589164.5,3428339,2875579.5,4475295.5,4429.39208984375,23916.779296875,16867388,1780019,3494332.5,423433.3125,2345747.5,11013.994140625,25829032,2311.177734375,4052328.75,14854422,0,98999912,0,1893834.125,11415732,173153.953125,45047904,552368.5625,2450144.5,0,18207226,2520288.75,614.088562011719,247299.109375,691815.6875,11031280,22173054,135.153503417969,1813958.5,133965.1875,11024186,0,122671016,5389194.5,0,15561167,4488369.5,24824896,0,3498483,2070359.375,140353696,4475166,2785941.25,0,24043126,71437224,0,4898256,38253944,3626334.25,21677124,9121049,5202735,2694906.25,0,529894.25,485041.875,22399050,149649600,8169615,17634200,25884634,8264342.5,3399013.75,0,0,1677.24194335938,270156.78125,4157793.25,5887732,7091.4638671875,7156043,1057.75744628906,7569466.5,8176560.5,86416.9140625,469352.96875,5310992,2099588.25,9250828,1055577.125,7668.9306640625,0,15510887,3531.49267578125,8281919.5,4193953,61955372,6148127,0,4646961.5,753860.375,45673.1796875,1137408.5,8537027,60817388,0,20192504,31937550,25054810,49236340,0,3049582.5,282963872,23407240,1031.40490722656,42379.83203125,24043338,0,13773.6865234375,77424512,118683.375,0,136308.09375,16490.4921875,2426928.5,0,2066529.875,0,0,17378974,42009056,10163024,108045.2265625,12511033
popcount,2010,33312.82421875,31847046,19065356,14543.0107421875,22297.94921875,3170767.75,39862.99609375,5796551,40220076,3012251,22160.4375,0,0,37520.3515625,21251130,8556444,8295548,8707107,10745564,8536848,8771.837890625,16531938,148278416,7510768,636182.375,167936.53125,3771442.75,0,9601828,286223.3125,0,10073554,196229408,159590.125,286118.09375,938857.625,0,2024778.375,4235519.5,35573148,0,7543642.5,16439658,1353270784,10457.7333984375,4348.462890625,285.566070556641,20040016,19728514,66653436,5164493.5,0,45579576,389425.65625,326466.65625,4580819,10251747,178045.9375,0,0,252530.0625,9505899,82512496,179761.109375,48643.6328125,5186182.5,9257673,34453208,14301017,80766288,5266673.5,559749.5625,42423940,1166016.625,85540352,5506042,691377.3125,2754.32299804688,62344316,42716.9140625,0,1333094.875,59726444,4211699,0,24233324,4766.5078125,9949963,308673,1592913.625,1656215.5,545473.1875,10383429,64498.96484375,32508.078125,14362873,210321.75,0,519826.53125,0,7444051,4318159,9076476,10119814,223155040,33474.50390625,1207716608,11840227,937.368591308594,297.167144775391,1171948.25,2168.123046875,0,4813657.5,73112456,32012774,262289.53125,7838287.5,54030152,2304448.5,49396.875,6078453.5,110286288,17171486,40850872,5948521.5,14486870,0,13139.3251953125,43777656,1534316.25,6457848.5,3921790.5,3997969.5,5463862.5,68659.7421875,25381.712890625,18742716,1975712.625,3315763.75,484397.53125,2215984.25,12789.837890625,28603796,2541.30786132813,3542932.5,20006432,0,112272536,0,1938500.875,15516576,181523.078125,48067924,552987.875,2792058.25,0,23346896,3301862.5,738.897827148438,260189.828125,759094.125,14642856,26895106,125.629379272461,2192315.75,154160.078125,15572619,0,157165200,6168702.5,0,16279436,4878406.5,30202898,0,3959829.25,2743142.25,168508320,5352024,3312813.75,0,27002014,86112744,0,6243907,38230112,3566127.25,23055076,9430863,6229582.5,3585617.25,0,1571348,558498.375,21653238,145879648,10767489,24102282,32991540,10800805,4382583,0,0,1662.05236816406,354846.46875,5872584.5,6164076.5,6794.52392578125,9012567,1008.18182373047,7365039.5,10410307,101890.8125,530052.1875,5357560,2150298.25,9794255,1179875.75,8905.4326171875,0,19726702,7175.99658203125,11269908,5283455.5,67860616,6862387.5,0,5204135,1009292.875,48620.171875,1179047.125,9451282,69529040,0,21371532,42080228,34541520,45778676,0,3111882.5,311037344,25924210,1057.39428710938,42963.39453125,28638280,0,13869.7197265625,86338464,153622.921875,0,138167.15625,16694.005859375,2801608.75,0,2023263.625,0,0,23573044,48847308,13041021,108858.7421875,12625042
popcount,2020,10010.7333984375,36880676,28249048,21272.724609375,23627.875,2897649.75,24459.240234375,8781276,45698712,3076308.75,16737.470703125,0,0,40826.41796875,23908314,8876484,9115962,13010039,11652879,11857949,8372.02734375,20969218,168176080,7819106.5,687998.4375,156970.265625,3684465,0,9352004,413679.625,0,11713079,215731856,163997.453125,343647.40625,1416086.125,0,2380918.25,5203123,39970380,0,8503507,18264454,1421034240,17238.625,8299.4736328125,3713.05322265625,25882124,26638642,91930680,5738896.5,0,49382900,451842.6875,370925.40625,4973605,10333581,118397.6875,0,0,584890,10629578,80686568,643600.0625,56485.41796875,5313422,9736957,40616368,17112576,99832272,5890747,635190.5625,42388136,1228633,112857048,5722900.5,749415.6875,2649.61059570313,64843896,42709.4296875,0,1858417,64115980,3920709.75,0,30568294,4427.2587890625,13958028,293351.65625,2091670,2249210.5,842374.0625,9750552,63222.20703125,21867.84375,17924256,305745.90625,0,594147.375,0,8450679,4137191,10168435,9726945,254385600,42400.8359375,1371284096,15426001,1000.22412109375,2951.12890625,1611496.125,16515.857421875,0,4515441.5,82884424,41652224,290483.96875,8459307,56827568,2483425.25,32745.02734375,8096054.5,111200104,19051058,52353556,7581236.5,17207636,0,20769.849609375,47352484,2714458.75,7548928.5,4650415,4859421.5,6225834.5,93458.8046875,25406.56640625,18407552,1966508.875,2780017.75,543935.1875,1844303.25,18707.2890625,33374566,1635.59753417969,3856537.75,26964536,0,132131904,0,2036850,20674530,165858.75,56311876,624564.625,3212541.75,0,31852212,4455345.5,652.012084960938,254271.265625,230435.5,20101164,31577908,169080.171875,2547601.5,204259.53125,24384990,0,205176048,6734887.5,0,17164850,5450342.5,31078060,0,4245171.5,4741071,202173440,5545304.5,3999968,0,31405762,99754176,0,7933110.5,38456676,3404400.25,24193112,9053247,6720560,4615478.5,0,1967155.875,655030.1875,18212542,145230768,13754851,32375054,45206668,15144581,4520070,0,0,3915.05615234375,391495.6875,7112189.5,6088561.5,7468.3232421875,12288467,1341.07580566406,6764133.5,14037865,130025.640625,566158.125,5367670.5,2136173.5,10524489,1373815.75,13025.7021484375,0,20650612,3410.044921875,16105962,7069902,67620088,9444470,0,6296082,1237619.125,47172.1328125,1151436.5,10505370,79178456,0,21594734,64435860,49476544,44061936,0,2998155.25,335111232,29900664,1071.84167480469,43638.26171875,32185048,0,12224.5498046875,95945904,199288.4375,0,163739.71875,34086.7265625,3723894,0,1918842.25,0,0,29108646,54708184,19203016,320785.90625,17440700
